username,email,password,firstname,lastname,age,address
katie.stevenson,susanpalmer@example.com,0-2&ZwRP$Qoo,Katie,Stevenson,20,"84923 Gutierrez Avenue, Lake Lisa, CO 22934"
michelle.murphy,kylereynolds@example.net,Fs3n6tbwWz@_,Michelle,Murphy,44,"422 Melissa Tunnel, Port Robertofurt, DE 12893"
sean.tran,xhansen@example.net,im#NnHuBMoy*,Sean,Tran,77,"USNV Pena, FPO AA 10817"
dawn.scott,eclark@example.net,aMMXgaxTl-u!,Dawn,Scott,24,"4328 Eric Glen, Port Jennifer, PA 15292"
nicholas.white,davidhenderson@example.com,Np4dJ*BSba4j,Nicholas,White,71,"52749 Deanna Extensions, South Michaelstad, VT 12666"
shannon.manning,elong@example.org,Pujj*2t5nqt2,Shannon,Manning,42,"69888 Miller Island Suite 209, South Marisaview, NE 65402"
chad.meyers,fhorton@example.com,0bhsp5fBrxke,Chad,Meyers,74,"6035 Bishop Common, Dawnview, MT 91603"
kristen.williams,nbarron@example.net,NY#dFHtPqU-S,Kristen,Williams,36,"727 Brandon Ford Suite 733, Bennettville, IA 96634"
elizabeth.wilcox,swilliams@example.com,T75pU4IW@wa#,Elizabeth,Wilcox,63,"26741 Jessica Locks, Wilsonmouth, FM 96979"
jessica.smith,avilla@example.com,zd3WS@h4UX6I,Jessica,Smith,53,"Unit 0039 Box 8979, DPO AP 55279"
kathleen.rodriguez,tracy35@example.com,^2tniLCq-FP_,Kathleen,Rodriguez,24,"140 Zachary Cove Apt. 627, Port Ricardo, MS 46023"
kristen.smith,kurt14@example.org,k&l5fyIQaosA,Kristen,Smith,60,"253 Julia Fields Suite 785, Montoyaton, TX 48358"
david.fields,mendozamichelle@example.org,L5dXjKZg)D3m,David,Fields,56,"052 Victoria Passage Suite 342, South Katherine, NE 24162"
haley.reed,adamjohnson@example.com,5@7ky5Wb46Cr,Haley,Reed,63,"81916 Howard Ports Suite 320, Jeremystad, FL 79552"
samantha.rogers,pamela77@example.org,ZyOYkCDacWjb,Samantha,Rogers,45,"7225 Nelson Mountain Suite 295, Stevenville, MA 48175"
regina.olsen,jonesjohn@example.org,_tri251%*Dx0,Regina,Olsen,53,"367 Daniel Court Apt. 792, Port Dianamouth, SD 97647"
luke.campbell,hernandezeric@example.org,C&DGl*Xho1gK,Luke,Campbell,20,"416 Kelly Points Apt. 673, Thomasport, MT 08803"
stephanie.bender,benjamin87@example.org,DexE8VCIVPml,Stephanie,Bender,32,"489 Young Pass Suite 934, South Michelle, SD 65519"
mark.thomas,sstanley@example.org,tvpW4iG3DDwo,Mark,Thomas,51,"813 Albert Circles, Emilyshire, DE 14768"
lauren.garcia,jerome70@example.net,olxxQ*Tac#Mv,Lauren,Garcia,76,"952 Morgan Station, West Johnland, LA 53712"
marc.cook,qfisher@example.org,P9uhKn%2(Zu),Marc,Cook,68,"30469 William Union, Wilsonside, VT 11463"
leslie.cook,ramostroy@example.net,#VauRvwnFwSv,Leslie,Cook,68,"961 Nelson Hills Apt. 241, North Justinton, NC 41500"
todd.ware,andrew34@example.org,1L8hf1Vx7Xhh,Todd,Ware,52,"694 Woods Tunnel Apt. 012, South Wanda, AK 31835"
molly.pierce,annetteowens@example.com,wEC8v7XHSR((,Molly,Pierce,33,"671 Lisa Field Suite 745, Robinchester, NM 79973"
sandra.barber,harperteresa@example.net,V%vM8H04jUtV,Sandra,Barber,50,"61045 West Coves Suite 166, Villarrealview, CO 54642"
penny.gutierrez,benglish@example.net,h0w3v*T_oGjd,Penny,Gutierrez,30,"7509 Meyer Glen, Ortizton, OH 25916"
drew.myers,mollymartin@example.net,i9xcmbvP2c26,Drew,Myers,51,"9837 Bishop Mills Suite 339, Heatherfort, MO 22810"
katie.bennett,bakerbruce@example.com,F1vXPPFeix*o,Katie,Bennett,72,"1989 James Plaza Apt. 507, Odonnellport, LA 73054"
lisa.banks,douglasanderson@example.com,zIj$0HSTXZK!,Lisa,Banks,39,"26252 Lisa Parks, South Stephanieside, AR 49776"
jennifer.villa,michael58@example.net,pN)#Q2-MpzR4,Jennifer,Villa,26,"62255 Hoffman Overpass Apt. 223, New Steventown, ND 26965"
lisa.joseph,randy44@example.org,R&Z(ip7uCI0%,Lisa,Joseph,49,"546 Harvey Isle Apt. 120, New Markhaven, MT 74581"
stacy.meza,mayerclinton@example.net,2O6ejY#@ritV,Stacy,Meza,20,"366 Paula Highway, Port Carolyn, MA 19006"
pamela.banks,stephencarter@example.net,k6KXyDNmUaLo,Pamela,Banks,73,"70607 Oliver Underpass, Brandymouth, OR 26648"
brian.brown,cantrelljason@example.org,gp&ylKGQE&v*,Brian,Brown,49,"47595 Owens Oval Suite 410, Emmafurt, NM 28959"
zachary.walker,ostevenson@example.org,_OD7Bh5K#agQ,Zachary,Walker,70,"900 Spencer Trafficway, Deannaside, VI 28076"
michael.ray,dillonhendrix@example.org,N_p!_HNW5a$h,Michael,Ray,20,"417 Rodgers Landing Apt. 760, Bridgetshire, ND 43621"
regina.porter,matthewwest@example.net,7P7AABDhjLN3,Regina,Porter,74,"6892 William Place Suite 656, Jakechester, HI 85244"
lisa.anderson,qdavis@example.net,Q1Z@3fPSs)Ru,Lisa,Anderson,82,"9826 Katherine Causeway Apt. 972, South Timothy, VA 97445"
megan.nelson,laurawarren@example.com,3Obigj$ZWcYf,Megan,Nelson,88,"867 Phillips Bridge Suite 404, Jonesstad, KS 81341"
jo.allen,maldonadowilliam@example.net,DHn@OVIRDXbm,Jo,Allen,70,"389 Crystal Roads Apt. 645, Draketon, UT 89196"
beth.maxwell,roy85@example.net,G2CrCptw5Zwh,Beth,Maxwell,36,"277 Holly Causeway, Brownside, MI 85543"
andrew.mann,toliver@example.com,h93(9FsXwd1y,Andrew,Mann,43,"2215 Brown Canyon, Patriciabury, LA 02195"
steven.decker,reeddavid@example.com,91T*jgxKU1qP,Steven,Decker,65,"2558 Allison Circles, New Carmen, VT 37618"
jennifer.lee,reedmichael@example.org,DyQIPnL3gFKH,Jennifer,Lee,37,"2937 Nicholas Estate Apt. 271, East Joshua, MP 08889"
lisa.wyatt,rjohnston@example.com,xXhm5zGoGjLO,Lisa,Wyatt,77,"150 Taylor Summit, Martinmouth, KS 99131"
jason.smith,amaddox@example.net,qCw@UYm8nCz!,Jason,Smith,32,"25953 Morgan Light, North Kathleenchester, OK 46062"
lisa.davenport,gryan@example.org,1WeJjSEIZDKs,Lisa,Davenport,44,"355 Wesley Cliffs, Patricktown, MH 38345"
kayla.francis,gwilliams@example.com,V_4CgNF-xK7G,Kayla,Francis,89,"881 Murray Curve Suite 705, Port Steven, DE 08763"
cheryl.watson,marie05@example.net,$of07522X3Kh,Cheryl,Watson,28,"88032 Smith Circle, Lake Mitchell, FL 31408"
timothy.hawkins,samanthajones@example.com,3Yg$Z#gYbz%B,Timothy,Hawkins,59,"56938 Burke Pike, East Mitchellberg, NC 71772"
ronald.lopez,kellylee@example.com,cV*r1APBaG0H,Ronald,Lopez,21,"7518 Armstrong Summit, South Steven, NE 88648"
rachel.simon,davidvalenzuela@example.org,vtDtAX_$BVcb,Rachel,Simon,90,"0717 Harris Mountain, Wilsonburgh, IA 47872"
justin.bruce,kelly60@example.net,&js)I22kS-zP,Justin,Bruce,74,"757 Steven Heights Suite 439, New Russellburgh, CA 34999"
john.acevedo,stephensonthomas@example.com,QfOZ1_5rX8d1,John,Acevedo,87,"842 Phillips Alley Apt. 725, Christinatown, PW 57929"
timothy.jackson,qbeasley@example.com,WL45bJ)HchhM,Timothy,Jackson,90,"67528 Trevor Springs Apt. 990, Rowlandtown, UT 11653"
gary.hughes,jeffreyruiz@example.org,IVSIqv&v%v@l,Gary,Hughes,82,"948 Amanda Centers Suite 547, North Ashleyton, NV 48251"
bonnie.mitchell,fbuchanan@example.net,xPwh5eNWY7%z,Bonnie,Mitchell,47,"06465 Thomas Crest, Phelpsberg, NC 01888"
sarah.rangel,obrienwhitney@example.net,zB0bElBmEDZD,Sarah,Rangel,77,"040 Patricia Fords Apt. 779, South Mike, OR 33631"
amber.wilkinson,katherine29@example.com,y4O1NB^nIe@h,Amber,Wilkinson,81,"413 Rita Islands, West Melissaside, MP 80708"
diana.kelly,marynoble@example.net,y#!0HUNoB7z_,Diana,Kelly,49,"796 Sims Estates, Meganhaven, MS 49565"
michelle.woods,jameschambers@example.org,-C)Zj2XqYp0B,Michelle,Woods,50,"664 Terrell Field Apt. 572, New Thomas, FM 47427"
cynthia.vargas,kcooper@example.org,yPVdrXA*BaPQ,Cynthia,Vargas,62,"0155 Darryl Burgs Apt. 160, Duncanview, NH 46518"
jacob.davis,mwood@example.com,)Kw^pb*f)!8K,Jacob,Davis,65,"4879 Elizabeth Canyon, North Dustin, ID 86043"
bobby.williams,wsantiago@example.com,i54wLak8_xFd,Bobby,Williams,57,"9339 Gonzalez Drives Suite 967, North Melinda, ND 67856"
jaime.clark,jonesrussell@example.net,acZ1)b!RVHL-,Jaime,Clark,75,"462 Smith Rapid Suite 244, Patelhaven, WA 24805"
sherri.munoz,stephanie31@example.org,nEcr7X$n2LJd,Sherri,Munoz,28,"781 Smith Divide, North Matthewbury, AK 35566"
john.davis,bestmary@example.org,bZIsLxzbDwts,John,Davis,83,"28644 Erin Loaf Suite 651, Port Jonathan, MI 79771"
kelly.stanley,brendan78@example.org,geWLj@v$UVI5,Kelly,Stanley,88,"1867 Cruz Village Apt. 929, Port Natalieberg, KY 02403"
valerie.reynolds,iwells@example.net,@ZOEkK^Gy-BS,Valerie,Reynolds,45,"563 Lopez Crossing, South Timothy, RI 86749"
connor.thomas,thompsonsamantha@example.net,5K#P9cwwQAsA,Connor,Thomas,42,"102 Williams Stream Apt. 408, Moorebury, NV 48234"
angela.sanchez,whart@example.com,DDV*Z1LaEpvr,Angela,Sanchez,25,"9833 William Parkway Suite 671, South Davidbury, FL 68398"
samuel.patton,oruiz@example.com,ktLkT##wz5qf,Samuel,Patton,77,"76786 Samantha Mall, West Brandon, MS 88704"
erica.olson,jeromegarcia@example.com,nkbd71$Xcf@I,Erica,Olson,53,"3725 Franco Inlet, Lake Joshuaberg, DC 21424"
jessica.james,gregoryfox@example.net,ARy4NVna%UPw,Jessica,James,56,"0228 Douglas Path Suite 409, Kathrynside, MS 36598"
kenneth.santiago,rodom@example.com,EefKzg-ZD!wE,Kenneth,Santiago,68,"80695 Rodgers Cliffs, Avilaberg, SD 44109"
dawn.hess,walkerdonald@example.org,weugE@38AxmE,Dawn,Hess,42,"8142 Luna Mission Suite 821, Stevenchester, GA 03539"
ann.dawson,hollandjared@example.com,K7WpBcnk3y%Z,Ann,Dawson,83,"4199 Woods Lodge Apt. 164, North Jonathanmouth, MI 25538"
julie.ellis,troydavis@example.org,aAsbYTRfSU_A,Julie,Ellis,44,"1183 Maria Square, Lake Judyfurt, RI 17840"
colleen.skinner,colemantimothy@example.com,Ja%R!j_lG-U-,Colleen,Skinner,51,"3586 Alexander Manor, South Johnhaven, ND 01749"
michael.garcia,michele61@example.org,nUfLyYtC#LcP,Michael,Garcia,77,"082 Pamela Via Apt. 978, Port Kaylafort, AZ 38840"
samantha.davidson,escobarchristopher@example.com,2y1rD^XLUZEF,Samantha,Davidson,88,"855 David Circle Apt. 490, Lake Victoriahaven, DC 07154"
penny.cook,hurstrichard@example.net,q4oQmTgP$bic,Penny,Cook,72,"07886 Lozano Keys Suite 856, Garnerhaven, NM 36686"
christine.thomas,zweiss@example.net,@JzU!5#EIeR#,Christine,Thomas,70,"9608 Robert Club Suite 411, Lake Michelleside, NH 72656"
sarah.baird,terrigriffin@example.net,EOgblUCYGIID,Sarah,Baird,68,"USCGC Gutierrez, FPO AP 63217"
maria.leonard,mercadohaley@example.com,)VSzX0i9ZQgo,Maria,Leonard,89,"1099 Lori Pike Suite 245, Martinhaven, ID 37409"
robert.wilson,tmann@example.net,8Hqt4-Rf-*lF,Robert,Wilson,79,"326 Buchanan Manors Apt. 432, Port Matthewfurt, WA 97299"
john.reed,denniskhan@example.com,qrF@WWoWQRtr,John,Reed,46,"48698 Garrett Inlet Apt. 889, South Sara, UT 92014"
diana.roman,wongtodd@example.com,PCt7pW1EtSXD,Diana,Roman,40,"8299 Dominguez Lake, New Jamesside, NH 78676"
katherine.knight,wagnertiffany@example.net,jW5E$xDltd2L,Katherine,Knight,82,"2548 Fischer Mountains Apt. 363, Donaldburgh, DE 45181"
stephen.davis,sarahcastro@example.org,2rqP_@1B2%_c,Stephen,Davis,48,"0554 Martin Junction, Nicholasland, GA 08793"
frank.rose,cruzgail@example.com,ytWPU2sv5*jE,Frank,Rose,81,"571 Rachael Union, New Jennifer, MT 92104"
sheri.hill,kathleengallegos@example.com,NIl5n2nVG0u-,Sheri,Hill,51,"067 Daniels View, North Robertshire, KS 40540"
paul.smith,heathdavid@example.net,GW4GPTFj7WWH,Paul,Smith,20,"78843 Fowler Field, Haasfort, GA 89117"
amber.washington,perezsusan@example.org,Q!DyNe&@rl!Q,Amber,Washington,71,"PSC 9547, Box 4400, APO AE 13805"
johnny.goodman,lisabradley@example.org,z6pZz%LM(VgH,Johnny,Goodman,56,"049 Samuel Highway, Andersonview, NC 69164"
kimberly.dickerson,stanley98@example.com,9TvFGGD0m-OF,Kimberly,Dickerson,53,"7989 Gill Mountain Suite 067, Williamstad, FM 14345"
bryan.foster,anngillespie@example.org,l%E(3HB^mHKa,Bryan,Foster,21,"272 Teresa Ports, Port Peter, UT 93626"
lindsey.rasmussen,ann41@example.com,k3SW7ZYds4A0,Lindsey,Rasmussen,33,"936 Martin Keys Apt. 787, Curryburgh, CO 83674"
madison.cunningham,kyle38@example.net,6J6bVOlF^V53,Madison,Cunningham,58,"736 Perez Lane Suite 250, New Robert, WV 02426"
jacob.matthews,hvillanueva@example.com,SrEhoz6CqM%(,Jacob,Matthews,51,"6717 Blake Glen, North Nicholas, AK 95227"
